start_date,end_date,labor_supply_level,ensemble_id
66,110,0.6712722352240235,1
62,94,0.3751080746296793,2
47,106,0.6401437218300998,3
53,109,0.5082853501662612,4
56,95,0.8526859704870731,5
54,95,0.5638267558533698,6
61,114,0.7311917699407786,7
52,94,0.370315789245069,8
52,106,0.3843205440789461,9
52,103,0.9443953293375671,10
57,126,0.5596920072566718,11
59,118,0.9813073424156755,12
59,119,0.046781741082668304,13
55,127,0.02933473908342421,14
47,94,0.6636729263700545,15
61,114,0.9835335190873593,16
46,111,0.5004204439464957,17
55,93,0.13197831832803786,18
62,107,0.8890332656446844,19
50,82,0.8662978010252118,20
57,115,0.1695318161509931,21
59,133,0.9879066748544574,22
52,90,0.770506544271484,23
53,109,0.7772883190773427,24
62,133,0.770430042874068,25
59,122,0.058975276071578264,26
60,93,0.9773740130476654,27
56,100,0.5832038584630936,28
53,98,0.23300606338307261,29
48,104,0.04293867480009794,30
48,94,0.6003876733593643,31
59,101,0.4757095093373209,32
85,122,0.8667659733910114,33
71,107,0.9674075650982559,34
54,104,0.7776011631358415,35
70,141,0.8193186563439667,36
30,68,0.6865628461819142,37
58,123,0.4608824304305017,38
59,91,0.42056720424443483,39
54,126,0.027243228629231453,40
59,105,0.17303552571684122,41
41,87,0.6432434094604105,42
53,114,0.9038368833716959,43
54,96,0.6329477096442133,44
47,91,0.06638851133175194,45
64,102,0.004642145242542028,46
56,89,0.39136852510273457,47
63,134,0.1301707501988858,48
51,113,0.21668337075971067,49
39,73,0.6049813139252365,50
58,91,0.6628064520191401,51
78,124,0.1117268935777247,52
78,135,0.5394691536203027,53
53,113,0.7400021245703101,54
63,110,0.8961865135934204,55
66,129,0.6652655818033963,56
54,111,0.200660468544811,57
68,118,0.351484218146652,58
59,117,0.6669748320709914,59
53,106,0.23299854900687933,60
51,116,0.5829209086950868,61
58,122,0.2211244481150061,62
58,112,0.14271865831688046,63
52,128,0.5107479393482208,64
53,119,0.7991319531574845,65
68,127,0.8778367890045047,66
66,98,0.6842246816959232,67
54,95,0.9273854612838477,68
70,139,0.7171480963006616,69
61,134,0.2702951533719897,70
71,110,0.7707460965029895,71
75,147,0.16157253738492727,72
41,93,0.3728890297934413,73
54,120,0.48573223291896284,74
63,128,0.9319850434549153,75
63,103,0.09314151993021369,76
75,107,0.9813903030008078,77
59,97,0.3231607738416642,78
56,113,0.6940318907145411,79
50,124,0.014040500856935978,80
98,155,0.46122746262699366,81
56,118,0.3367552550043911,82
61,123,0.14119681436568499,83
48,124,0.893329139566049,84
80,111,0.4691437720321119,85
57,130,0.15797581360675395,86
68,110,0.4127414298709482,87
58,104,0.790861411485821,88
66,101,0.45782309328205884,89
47,79,0.3638847388792783,90
70,126,0.38285311055369675,91
55,126,0.20305262506008148,92
44,103,0.7130696182139218,93
53,90,0.04751125071197748,94
66,105,0.47732934658415616,95
62,128,0.02689939271658659,96
68,112,0.8164116798434407,97
64,102,0.5753969552461058,98
56,89,0.46571792499162257,99
70,103,0.7083244570530951,100
45,80,0.5049394925590605,101
55,87,0.6175687499344349,102
56,100,0.7938768633175641,103
56,123,0.24432337726466358,104
63,122,0.2744958624243736,105
69,111,0.6043248930945992,106
43,76,0.32997476775199175,107
66,98,0.008759094635024667,108
44,106,0.1278071696870029,109
56,133,0.04497760534286499,110
53,89,0.5993198414798826,111
39,71,0.5871608261950314,112
66,118,0.957932055927813,113
56,125,0.858864143723622,114
62,130,0.7068275506608188,115
69,145,0.8489435287192464,116
50,119,0.8492307621054351,117
73,122,0.7169701957609504,118
50,92,0.33644150220789015,119
66,120,0.4356500555295497,120
60,105,0.7759956617373973,121
76,111,0.6828566875774413,122
72,105,0.397360164206475,123
52,103,0.5786127538885921,124
50,89,0.1106258756481111,125
51,115,0.23150878492742777,126
46,97,0.5917453235015273,127
48,96,0.22152373613789678,128
62,118,0.7100716435816139,129
59,93,0.8876795000396669,130
58,114,0.41209803707897663,131
55,98,0.7452678382396698,132
46,85,0.29020229051820934,133
49,90,0.9565557395108044,134
56,107,0.9141461693216115,135
66,114,0.3714735903777182,136
63,111,0.11884914268739522,137
56,128,0.9022608783561736,138
64,111,0.7499396675266325,139
69,126,0.8398489409592003,140
39,111,0.38195290649309754,141
53,93,0.33575081499293447,142
67,140,0.9601887143217027,143
55,96,0.4513861190062016,144
51,119,0.7411367958411574,145
63,99,0.9376644347794354,146
57,104,0.4839750740211457,147
66,122,0.3500125731807202,148
59,91,0.2215001059230417,149
60,106,0.9594187964685261,150
58,94,0.2888756087049842,151
54,101,0.8787456005811691,152
86,140,0.47160543058998883,153
54,128,0.815126727335155,154
56,90,0.9886780946981162,155
60,98,0.6489001351874322,156
49,100,0.821130647091195,157
64,126,0.4320230402518064,158
37,85,0.5834623763803393,159
57,126,0.24034937378019094,160
66,141,0.5181595364119858,161
49,107,0.5857652209233493,162
52,120,0.9161278274841607,163
66,117,0.9398121982812881,164
53,94,0.5234646706376225,165
48,125,0.4900906353723258,166
55,96,0.27169668138958514,167
61,131,0.4118708635214716,168
66,98,0.5905029159039259,169
53,106,0.5779522068332881,170
52,109,0.9605495135765523,171
60,136,0.4567378764040768,172
52,101,0.025413698749616742,173
62,122,0.3497518957592547,174
93,164,0.8722156803123653,175
67,143,0.3516500690020621,176
53,115,0.8940966997761279,177
70,135,0.07179983565583825,178
60,133,0.8612516524735838,179
43,100,0.27869224292226136,180
56,126,0.6152496668510139,181
52,114,0.3147696740925312,182
61,109,0.7810139781795442,183
54,93,0.2248316421173513,184
48,91,0.4589550548698753,185
70,101,0.9059800654649734,186
54,93,0.26529542775824666,187
77,111,0.572144391015172,188
73,127,0.7827314815949649,189
52,90,0.2578484686091542,190
45,83,0.46763371978886425,191
59,90,0.3445033608004451,192
55,97,0.04476612503640354,193
63,103,0.055338919861242175,194
57,128,0.7169655882753432,195
51,96,0.05784458061680198,196
69,127,0.7589608272537589,197
52,122,0.1835542160551995,198
61,99,0.692073164274916,199
53,100,0.12900128192268312,200
46,100,0.09521620278246701,201
50,102,0.6154613986145705,202
59,99,0.19993042037822306,203
70,108,0.6513520192820579,204
55,131,0.8306888425722718,205
55,89,0.7003644923679531,206
63,132,0.5022730748169124,207
47,85,0.1533437615726143,208
55,117,0.9070598296821117,209
60,108,0.7674830043688416,210
64,109,0.7401898368261755,211
67,132,0.23232872714288533,212
75,125,0.7570355741772801,213
65,113,0.40610492532141507,214
63,94,0.4414811572059989,215
52,107,0.29617863637395203,216
49,91,0.06365167931653559,217
66,116,0.7170890290290117,218
65,139,0.4702589074149728,219
67,99,0.6070016883313656,220
54,94,0.7728285621851683,221
65,113,0.6006884400267154,222
45,93,0.46287734853103757,223
64,110,0.5313885994255543,224
83,129,0.732402732828632,225
54,91,0.573881329735741,226
55,128,0.44965569395571947,227
74,110,0.0011365856043994427,228
63,125,0.985796329099685,229
56,120,0.3577019339427352,230
68,106,0.5057522151619196,231
53,94,0.11596119496971369,232
41,81,0.4944957841653377,233
56,106,0.8343663469422609,234
51,88,0.2176461797207594,235
46,102,0.6016908974852413,236
71,111,0.3392948489636183,237
59,104,0.13860015803948045,238
56,122,0.09643919649533927,239
60,106,0.05538787436671555,240
71,110,0.2653693046886474,241
54,121,0.475575833581388,242
66,104,0.9981492585502565,243
56,93,0.4693060889840126,244
61,93,0.9284174798522145,245
62,109,0.20936860563233495,246
52,93,0.36210926715284586,247
59,96,0.7195882946252823,248
66,123,0.8727408878039569,249
61,101,0.07672263402491808,250
71,109,0.3483368940651417,251
53,101,0.09878671448677778,252
57,95,0.3228192257229239,253
72,137,0.5112799366470426,254
52,96,0.6402889140881598,255
54,109,0.25220451573841274,256
60,133,0.9590027681551874,257
68,130,0.7945791513193399,258
63,97,0.7213304243050516,259
54,92,0.6796976127661765,260
46,84,0.05650486261583865,261
55,113,0.4263984758872539,262
57,110,0.16046440158970654,263
38,78,0.9367581906262785,264
41,87,0.32338882237672806,265
62,132,0.05044957669451833,266
49,82,0.21967096626758575,267
58,114,0.30069163953885436,268
60,125,0.7755032302811742,269
51,112,0.05256331618875265,270
70,102,0.9163199511822313,271
54,109,0.43637564731761813,272
69,143,0.3399278614670038,273
57,100,0.37598237046040595,274
61,136,0.7291441201232374,275
59,107,0.8120850985869765,276
43,115,0.007445985218510032,277
53,106,0.2032081764191389,278
51,94,0.2927874361630529,279
43,77,0.00856619467958808,280
54,91,0.7385331878904253,281
70,104,0.261420541908592,282
68,111,0.4129980362486094,283
47,78,0.8088120508473366,284
50,83,0.4954363389406353,285
63,104,0.9213450441602618,286
55,108,0.0660252885427326,287
42,100,0.7823058541398495,288
45,106,0.9731840062886477,289
61,102,0.3563886119518429,290
51,95,0.0524992689024657,291
55,131,0.28443250549025834,292
69,126,0.03444776008836925,293
53,122,0.8166515452321619,294
56,98,0.9582680251915008,295
54,101,0.21914171474054456,296
61,106,0.3442075864877552,297
64,136,0.05296240351162851,298
54,96,0.08528357557952404,299
60,94,0.9371969695203006,300
54,94,0.46936496486887336,301
63,102,0.31906253658235073,302
81,134,0.2890711098443717,303
50,88,0.3838681518100202,304
44,82,0.0325348658952862,305
60,111,0.13684584363363683,306
56,118,0.5822553203906864,307
64,119,0.4485331643372774,308
48,90,0.25667868508026004,309
43,80,0.48420037189498544,310
55,86,0.30228975135833025,311
72,139,0.23937478195875883,312
59,116,0.07798293442465365,313
56,93,0.4557536565698683,314
47,123,0.1716485705692321,315
56,117,0.5162848457694054,316
60,104,0.9331167049240321,317
65,99,0.9204370568040758,318
62,115,0.3815143243409693,319
63,120,0.25146957114338875,320
41,90,0.36043505533598363,321
63,106,0.7465987091418356,322
72,128,0.668820443097502,323
54,104,0.9964722802396864,324
53,86,0.470895956736058,325
66,132,0.24076843028888106,326
63,96,0.48790829232893884,327
62,123,0.2746449373662472,328
46,83,0.6255664590280503,329
60,118,0.17166750854812562,330
54,117,0.7940989218186587,331
47,108,0.04598914040252566,332
58,96,0.8628315592650324,333
58,96,0.7200599147472531,334
55,89,0.6683697337284684,335
55,91,0.4668765738606453,336
69,118,0.46507591498084366,337
60,119,0.08883202192373574,338
48,80,0.996095439651981,339
86,118,0.2051686041522771,340
53,110,5.018063820898533e-4,341
63,135,0.6559829318430275,342
50,92,0.1154054740909487,343
59,92,0.18957222742028534,344
59,121,0.18953240592963994,345
55,127,0.45334741193801165,346
45,111,0.48002608865499496,347
51,88,0.04739276715554297,348
62,118,0.14888084982521832,349
57,114,0.8663170589134097,350
62,131,0.08119926694780588,351
39,76,0.19518585363402963,352
61,109,0.34223811281844974,353
57,92,0.20227466127835214,354
71,119,0.21295681176707149,355
50,103,0.6641295491717756,356
52,121,0.10779550881125033,357
54,109,0.436232874635607,358
47,83,0.21762093878351152,359
70,101,0.2845067414455116,360
48,113,0.41486039152368903,361
55,93,0.37471735407598317,362
43,79,0.9331051500048488,363
68,99,0.2543536080047488,364
55,106,0.4846116313710809,365
57,107,0.3790233847685158,366
69,128,0.4663797172252089,367
60,113,0.5870865937322378,368
59,117,0.6830913133453578,369
63,126,0.9302802758757025,370
53,90,0.6627194015309215,371
56,113,0.9373204743023962,372
64,110,0.7535865711979568,373
64,114,0.6052335076965392,374
57,102,0.031970132142305374,375
44,121,0.38895431463606656,376
63,108,0.7933840795885772,377
69,130,0.010278708301484585,378
50,124,0.07875411305576563,379
42,77,0.8767356467433274,380
55,107,0.4765570326708257,381
48,92,0.45848147803917527,382
61,119,0.8871132442727685,383
53,88,0.6238960800692439,384
58,130,0.5097005891148001,385
50,107,0.6779073593206704,386
50,105,0.4092025770805776,387
45,80,0.31933564972132444,388
54,91,0.22800292586907744,389
58,129,0.7147992579266429,390
53,102,0.7322142126504332,391
53,92,0.3073917201254517,392
51,90,0.23370432201772928,393
58,127,0.5063445833511651,394
56,131,0.9107281444594264,395
55,113,0.35434242989867926,396
65,106,0.14881445583887398,397
45,81,0.7007014041300863,398
53,101,0.28606349299661815,399
50,84,0.4251920818351209,400
68,114,0.4780011842958629,401
58,123,0.6084454560186714,402
56,90,0.4063176696654409,403
63,131,0.3374649619217962,404
58,114,0.8350758461747319,405
56,130,0.8822311849799007,406
62,100,0.09541875985451043,407
55,120,0.563355102436617,408
73,142,0.6346216825768352,409
63,102,0.5495706608053297,410
52,117,0.14212630898691714,411
49,101,0.49226164584979415,412
48,95,0.33802036521956325,413
65,98,0.023502430180087686,414
47,101,0.6918782244902104,415
68,144,0.9364028295967728,416
66,118,0.6770133562386036,417
72,114,0.37341828155331314,418
64,110,0.21820696722716093,419
63,101,0.7497343118302524,420
75,147,0.1762259677052498,421
59,134,0.4177691137883812,422
84,115,0.4864524728618562,423
71,116,0.4771695681847632,424
47,107,0.05561401369050145,425
71,118,0.3804394011385739,426
45,95,0.3513396792113781,427
46,111,0.25782474037259817,428
50,120,0.028295704163610935,429
57,118,0.7764095417223871,430
61,122,0.9502084271516651,431
52,118,0.24540650029666722,432
49,104,0.5426544370129704,433
54,100,0.532311994349584,434
38,85,0.523258188040927,435
55,115,0.927435788558796,436
51,108,0.37014855281449854,437
65,110,0.7854381273500621,438
48,118,0.4152274578809738,439
55,103,0.8138055792078376,440
56,126,0.3761871310416609,441
52,126,0.8082311600446701,442
81,135,0.21635080594569445,443
61,113,0.6505352729000151,444
47,94,0.07358090463094413,445
54,129,0.7464204919524491,446
68,131,0.4289902076125145,447
40,74,0.05515484558418393,448
59,100,0.5150533926207572,449
61,99,0.46113852714188397,450
68,110,0.5935818522702903,451
53,93,0.044273757841438055,452
57,126,0.9916738234460354,453
58,109,0.31479556974954903,454
48,98,0.8244250083807856,455
58,100,0.8032618819270283,456
61,120,0.5666414320003241,457
51,110,0.8126577569637448,458
73,114,0.009859804064035416,459
61,106,0.42453771992586553,460
66,128,0.9046020449604839,461
56,102,0.23285114159807563,462
62,125,0.08020714577287436,463
56,98,0.4508131365291774,464
59,98,0.7196607289370149,465
48,99,0.8164221341721714,466
55,124,0.22246707091107965,467
71,125,0.8533557150512934,468
52,111,0.8913470369298011,469
44,80,0.0916216904297471,470
50,92,0.24660549708642066,471
56,99,0.7798167373985052,472
46,102,0.32173421140760183,473
60,113,0.979196498170495,474
40,81,0.3258658342529088,475
69,120,0.6904548862949014,476
57,124,0.0351856688503176,477
55,106,0.6659660388249904,478
51,96,0.4360256271902472,479
61,99,0.4849493447691202,480
55,115,0.6013234273996204,481
54,87,0.07993581146001816,482
83,124,0.3647306321654469,483
52,84,0.7313571430277079,484
56,88,0.7011972537729889,485
48,106,0.6936082313768566,486
59,112,0.1050743714440614,487
54,86,0.5300627714022994,488
58,106,0.5342616750858724,489
63,119,0.6109282819088548,490
52,91,0.31955821020528674,491
62,97,0.14679660671390593,492
52,85,0.8290177753660828,493
56,112,0.3631261803675443,494
54,103,0.9149660186376423,495
73,143,0.8047401087824255,496
62,121,0.28289892384782434,497
51,90,0.3961291704326868,498
46,84,0.4796426887623966,499
55,101,0.5535590914078057,500
51,96,0.41516091651283205,501
51,104,0.0988944114651531,502
48,91,0.5758341164328158,503
54,95,0.984026214806363,504
53,116,0.26005449751392007,505
42,100,0.18993623019196093,506
48,91,0.5930584496818483,507
58,109,0.7885423658881336,508
50,85,0.808998508611694,509
54,90,0.2924773581326008,510
56,92,0.621121380943805,511
60,117,0.10263523971661925,512
56,103,0.9870740096084774,513
38,78,0.3289417962078005,514
56,119,0.4390095074195415,515
52,115,0.3260114553850144,516
69,105,0.17790578957647085,517
48,84,0.4591518559027463,518
50,96,0.01696837297640741,519
53,109,0.38781891111284494,520
71,115,0.36915598902851343,521
51,112,0.6723533768672496,522
58,92,0.26039138878695667,523
55,86,0.8746508066542447,524
67,140,0.9717638976871967,525
36,92,0.7894024124834687,526
41,81,0.931413504993543,527
58,103,0.9573038027156144,528
55,131,0.9879500109236687,529
55,109,0.851015966385603,530
57,120,0.15322193526662886,531
50,111,0.24803215451538563,532
55,107,0.29903265181928873,533
66,114,0.10061222221702337,534
57,105,0.750685797771439,535
53,86,0.04889477277174592,536
40,94,0.5247449772432446,537
47,94,0.17088131210766733,538
56,91,0.6294255491811782,539
56,89,0.6352704651653767,540
49,111,0.15126149635761976,541
45,95,0.36387636698782444,542
56,104,0.7204293180257082,543
68,114,0.1593225144315511,544
49,86,0.33125351881608367,545
55,122,0.8707972192205489,546
57,113,0.3930899400729686,547
49,117,0.45014749304391444,548
51,86,0.679902118165046,549
63,103,0.3342220182530582,550
62,114,0.7253442592918873,551
54,124,0.877165517071262,552
44,97,0.5963100881781429,553
50,85,0.9677092123311013,554
57,93,0.7830232419073582,555
55,114,0.06641961447894573,556
61,108,0.8454529361333698,557
83,136,0.15650160377845168,558
53,86,0.4172600631136447,559
64,133,0.9091279096901417,560
60,95,0.943870828486979,561
50,114,0.6676042824983597,562
62,93,0.8265500848647207,563
57,134,0.25332001224160194,564
56,111,0.24052363517694175,565
71,109,0.872190575581044,566
62,127,0.14280212786979973,567
57,95,0.40894468454644084,568
41,109,0.36685168626718223,569
75,128,0.7827134330291301,570
50,83,0.17749529122374952,571
42,100,0.5669056156184524,572
67,111,0.5373098875861615,573
60,124,0.6485757727641612,574
57,121,0.8402652149088681,575
58,108,0.42617854895070195,576
57,91,0.9335310922469944,577
58,101,0.14151302818208933,578
56,100,0.7112928030546755,579
56,100,0.6756714773364365,580
56,99,0.9375381974969059,581
54,101,0.5423454472329468,582
66,137,0.07240520417690277,583
51,83,0.2811814062297344,584
55,100,0.13912401348352432,585
58,133,0.218793501611799,586
64,120,0.4706662006210536,587
60,110,0.9451161690521985,588
66,124,0.8725041134748608,589
36,99,0.15687936381436884,590
57,117,0.20666160620748997,591
51,97,0.41140617639757693,592
54,97,0.8775098770856857,593
72,118,0.5529274512082338,594
55,117,0.5967678234446794,595
65,100,0.4376222051214427,596
57,101,0.5385056869126856,597
57,126,0.13986683008261025,598
63,108,0.4195120551157743,599
52,89,0.5484748650342226,600
61,96,0.3850768196862191,601
78,128,0.11009642342105508,602
41,86,0.66373505955562,603
56,102,0.28145623463205993,604
47,116,0.23629457713104784,605
38,76,0.30231160181574523,606
73,125,0.7312060445547104,607
41,83,0.47684853221289814,608
53,101,0.7490137030836195,609
67,104,0.5902523095719516,610
47,83,0.8214212954044342,611
60,107,0.731352185131982,612
58,117,0.5325325061567128,613
65,98,0.5338962490204722,614
57,91,0.456519422121346,615
82,121,0.909062385559082,616
49,116,0.867264922009781,617
68,119,0.8220774580258876,618
55,97,0.6970285300631076,619
54,110,0.8121153153479099,620
59,112,0.7320706746540964,621
59,102,0.6179306919220835,622
66,107,0.671261214883998,623
55,115,0.4848337513394654,624
52,84,0.3651589509099722,625
60,126,0.06726032728329301,626
65,123,0.45556033845059574,627
61,112,0.5040829833596945,628
55,128,0.2529874420724809,629
56,110,0.946194619871676,630
45,76,0.6301820662338287,631
56,95,0.4190803957171738,632
67,113,0.8508148596156389,633
57,94,0.07514442503452301,634
61,137,0.7711948195938021,635
63,103,0.8547226444352418,636
57,100,0.23578487639315426,637
59,91,0.981891751056537,638
60,126,0.634449465200305,639
59,100,0.366605281829834,640
60,116,0.7640201235190034,641
49,111,0.022761163068935275,642
52,93,0.5718372866977006,643
57,134,0.8288420625030994,644
55,91,0.9661387247033417,645
56,88,0.4746843876782805,646
45,95,0.6393877831287682,647
53,84,0.07501778425648808,648
64,100,0.04484929540194571,649
52,115,0.4466133250389248,650
65,104,0.9442675209138542,651
69,130,0.2348450964782387,652
57,107,0.2163227132987231,653
58,98,0.6065580372232944,654
64,113,0.5028771501965821,655
53,90,0.290904073510319,656
52,85,0.2599220236297697,657
42,77,0.6518978241365403,658
59,116,0.25638785935007036,659
59,128,0.35077058151364326,660
51,96,0.43429858423769474,661
57,117,0.3982564345933497,662
56,98,0.8956273263320327,663
48,117,0.4520489042624831,664
57,127,0.7646893672645092,665
65,111,0.24068911909125745,666
68,110,0.5197446390520781,667
44,121,0.3451143577694893,668
58,92,0.22921425779350102,669
68,125,0.6458110869862139,670
61,134,0.8491649008356035,671
54,103,0.5795046342536807,672
62,120,0.27950593596324325,673
70,132,0.5670915197115391,674
48,114,0.9290590132586658,675
60,99,0.01647815085016191,676
54,109,0.4045308150816709,677
57,112,0.09917459636926651,678
50,86,0.5575551972724497,679
33,73,0.036538224667310715,680
59,107,0.1034378323238343,681
67,112,0.8239728340413421,682
43,77,0.9757469296455383,683
53,108,0.6669241224881262,684
52,89,0.8459260526578873,685
67,140,0.7653919600415975,686
51,110,0.341025750618428,687
61,131,0.628780742874369,688
56,122,0.4519126294180751,689
76,120,0.30538715119473636,690
62,107,0.5208950897213072,691
61,126,0.5054062514100224,692
56,120,0.36365424282848835,693
53,101,0.8587559398729354,694
43,82,0.3326186500489712,695
43,119,0.07289982866495848,696
45,86,0.5713283515069634,697
55,87,0.2587627535685897,698
44,119,0.9605694580823183,699
53,86,0.7310139762703329,700
54,98,0.20656084455549717,701
54,98,0.5654903859831393,702
57,110,0.542243106290698,703
51,84,0.38705426384694874,704
77,112,0.27743833465501666,705
47,90,0.33238593954592943,706
53,120,0.42774804891087115,707
52,112,0.7335918974131346,708
56,108,0.618518325034529,709
49,124,0.7619710101280361,710
53,85,0.3569604172371328,711
51,126,0.6176416554953903,712
62,131,0.6858654220122844,713
35,107,0.8725907593034208,714
61,130,0.9710810950491577,715
65,103,0.7325347249861807,716
46,109,0.6162056790199131,717
54,87,0.8724058549851179,718
55,88,0.479729731567204,719
52,94,0.2919448623433709,720
54,96,0.9772798125632107,721
54,88,0.24150021513924003,722
62,104,0.013085358077660203,723
51,87,0.20933705242350698,724
76,147,0.2701974406372756,725
63,130,0.5281921999994665,726
49,84,0.4938892191275954,727
53,97,0.1927957609295845,728
53,96,0.8660592518281192,729
46,88,0.7645370257087052,730
62,124,0.031394122168421745,731
47,100,0.4910121005959809,732
65,140,0.2240269707981497,733
51,107,0.9959564013406634,734
59,133,0.12142039299942553,735
65,135,0.7043315640185028,736
46,80,0.8081950258929282,737
55,106,0.48673834395594895,738
46,77,0.4095218260772526,739
67,116,0.9644185490906239,740
73,108,0.6636197546031326,741
68,103,0.43343394179828465,742
53,103,0.9305574116297066,743
64,122,0.12691772705875337,744
63,109,0.22908914554864168,745
41,106,0.08998760627582669,746
55,110,0.745968810049817,747
70,109,0.7260063893627375,748
91,159,0.42432162910699844,749
46,100,0.5365828161593527,750
57,118,0.611258577555418,751
51,114,0.15998931578360498,752
68,125,0.12559743062593043,753
41,81,0.6726363347843289,754
52,85,0.6116775935515761,755
56,116,0.7714109772350639,756
59,98,0.5150461820885539,757
59,95,0.38339908979833126,758
58,115,0.40542981470935047,759
70,108,0.9545576893724501,760
63,116,0.8001275204587728,761
54,90,0.2686757834162563,762
68,107,0.3806363334879279,763
47,105,0.43082285625860095,764
53,100,0.8381055081263185,765
47,81,0.8688411088660359,766
56,114,0.9425353498663753,767
54,118,0.4109657627996057,768
61,138,0.643195356009528,769
44,112,0.5813717672135681,770
54,113,0.9849944398738444,771
65,115,0.9056928777135909,772
63,130,0.17865343880839646,773
57,91,0.22057543159462512,774
51,89,0.398142843041569,775
48,86,0.6230717934668064,776
57,120,0.13328856602311134,777
57,130,0.8752131713554263,778
57,95,0.814605895197019,779
62,136,0.6637298872228712,780
62,116,0.4657674985937774,781
61,96,0.9087147801183164,782
77,147,0.46047604619525373,783
63,105,0.2555562036577612,784
74,118,0.6824818514287472,785
54,99,0.36105580325238407,786
58,111,0.6867940835654736,787
54,100,0.35575463180430233,788
57,125,0.9051514870952815,789
58,90,0.7190560942981392,790
59,95,0.45069236494600773,791
50,84,0.839035582728684,792
58,97,0.271441166754812,793
54,88,0.5243597424123436,794
55,87,0.5527260694652796,795
60,106,0.295596388168633,796
53,92,0.8731547070201486,797
61,108,0.5211516688577831,798
48,91,0.7421871786937118,799
46,87,0.5930191099178046,800
56,100,0.15155343990772963,801
57,99,0.26315591228194535,802
63,95,0.7085555242374539,803
63,95,0.429168414324522,804
51,83,0.13624086254276335,805
55,97,0.7856854270212352,806
56,113,0.11933638085611165,807
54,118,0.4423821088857949,808
48,99,0.8566255578771234,809
58,90,0.2831390539649874,810
54,92,0.9733778850641102,811
71,146,0.7459941292181611,812
56,90,0.6901342289056629,813
54,102,0.9277802531141788,814
45,94,0.10324436868540943,815
68,128,0.8655624901875854,816
54,127,0.44818790815770626,817
43,75,0.30716045503504574,818
36,74,0.793768436415121,819
54,108,0.8156636068597436,820
53,94,0.04474849929101765,821
45,88,0.4150532695930451,822
58,103,0.17306577344425023,823
61,99,0.96608483674936,824
70,109,0.6877850524615496,825
48,79,0.12701325956732035,826
50,119,0.4235024796798825,827
63,111,0.6309974330943078,828
62,136,0.4675019134301692,829
61,115,0.031075882725417614,830
62,110,0.37595506431534886,831
53,124,0.1868823515251279,832
49,109,0.22160656191408634,833
55,122,0.8071377966552973,834
57,93,0.5897851495537907,835
58,91,0.8653304271865636,836
52,84,0.3175921484362334,837
65,98,0.6596652928274125,838
63,100,0.8976612167898566,839
58,89,0.6973250140435994,840
50,86,0.6541776198428124,841
46,99,0.6732240605633706,842
59,96,0.5612447615712881,843
64,130,0.9982943793293089,844
51,110,0.9570557575207204,845
53,124,0.8082410239148885,846
57,130,0.4128139417152852,847
42,75,0.5533663434907794,848
50,89,0.6202210995834321,849
66,113,0.5865427777171135,850
38,86,0.1094938840251416,851
58,105,0.6775917208287865,852
61,108,0.37107882206328213,853
53,94,0.9739500270225108,854
61,130,0.5847615022212267,855
54,91,0.9669466589111835,856
63,102,0.20567324152216315,857
71,104,0.420574938878417,858
48,83,0.11682496243156493,859
75,111,0.7927320015151054,860
56,92,0.7363884402438998,861
62,100,0.37662262353114784,862
55,117,0.761769188567996,863
61,94,0.6515381815843284,864
55,110,0.34089530631899834,865
46,109,0.34129393799230456,866
66,119,0.4390636500902474,867
53,116,0.06663355114869773,868
44,106,0.7074334833305329,869
49,102,0.9755013284739107,870
71,107,0.09226327249780297,871
63,134,0.8198650130070746,872
49,121,0.09335705591365695,873
68,140,0.16514460858888924,874
56,95,0.7295493504498154,875
66,108,0.8446266141254455,876
51,101,0.6891535867471248,877
49,106,0.08696276671253145,878
57,110,0.045812802854925394,879
59,97,0.7065308967139572,880
69,127,0.9911605790257454,881
57,124,0.35115414718165994,882
42,86,0.8519419410731643,883
61,110,0.3421796578913927,884
62,105,0.29763685911893845,885
85,141,0.40653787716291845,886
55,106,0.01168818143196404,887
57,102,0.49028015206567943,888
58,103,0.33799430984072387,889
51,118,0.4982832372188568,890
54,118,0.7439609009306878,891
58,111,0.12970322533510625,892
73,146,0.9125095603521913,893
57,123,0.5260389873292297,894
60,102,0.7184432474896312,895
38,84,0.05149983079172671,896
67,102,0.04257740406319499,897
54,108,0.10945616872049868,898
70,123,0.13957408955320716,899
57,96,0.6255878866650164,900
48,86,0.09436475252732635,901
53,87,0.19648789055645466,902
59,102,0.3378805723041296,903
57,132,0.9868119270540774,904
58,90,0.96912756934762,905
63,121,0.6772504195105284,906
62,115,0.5292339855805039,907
53,115,0.8402384754735976,908
38,71,0.4115368297789246,909
75,128,0.5423879218287766,910
54,101,0.43070953083224595,911
60,104,0.5904854971449822,912
86,141,0.7995356377214193,913
63,119,0.8756688593421131,914
51,83,0.34375218744389713,915
60,115,0.18375859782099724,916
57,99,0.45090433373115957,917
68,123,0.2784729362465441,918
52,103,0.327759250998497,919
56,130,0.9598881697747856,920
61,96,0.13694471027702093,921
55,93,0.3026502225548029,922
46,88,0.5463151026051491,923
65,113,0.33324923273175955,924
49,98,0.23307715565897524,925
47,91,0.28386805253103375,926
52,113,0.11468815919943154,927
49,84,0.6186193358153105,928
61,94,0.9956528900656849,929
53,91,0.47039582510478795,930
50,85,0.402269734069705,931
56,95,0.3148300088942051,932
67,111,0.6141891677398235,933
59,91,0.9277789590414613,934
38,72,0.3508631514851004,935
82,122,0.4789827342610806,936
58,90,0.2731223623268306,937
57,91,0.3404971326235682,938
64,122,0.2825615762267262,939
49,106,0.6779908856842667,940
48,111,0.9929727406706661,941
54,119,0.6209976060781628,942
53,86,0.20967444055713713,943
55,102,0.4976430132519454,944
73,141,0.8108866538386792,945
75,129,0.4495989258866757,946
59,135,0.23655976098962128,947
54,109,0.9193454443011433,948
49,95,0.5794882555492222,949
50,101,0.07420724327675998,950
46,90,0.9210127959959209,951
58,122,0.33927191398106515,952
71,134,0.6547141713090241,953
60,123,0.5153981172479689,954
75,117,0.33911905554123223,955
49,95,0.37694217008538544,956
64,100,0.5140905706211925,957
66,110,0.7046814379282296,958
63,105,0.32544622058048844,959
36,77,0.8365678689442575,960
56,121,0.19311012839898467,961
61,94,0.6237963167950511,962
40,106,0.8383652181364596,963
57,126,0.19583875220268965,964
45,119,0.22578342771157622,965
65,114,0.8242115119937807,966
45,112,0.973064759047702,967
57,130,0.01636647153645754,968
50,93,0.6016503036953509,969
38,106,0.6437390975188464,970
62,120,0.19111287174746394,971
68,100,0.9033908508718014,972
50,85,0.12218352383933961,973
55,92,0.3335530599579215,974
54,100,0.6612082156352699,975
58,135,0.1886031306348741,976
72,108,0.27407519263215363,977
58,112,0.3236987569835037,978
70,139,0.6552154081873596,979
59,111,0.48291332623921335,980
52,99,0.13822106481529772,981
58,98,0.08489844901487231,982
59,97,0.9560582593549043,983
65,142,0.4949969577137381,984
60,96,0.5294799022376537,985
81,127,0.7951415337156504,986
73,110,0.10175716923549771,987
63,111,0.08657370531000197,988
52,88,0.6765083626378328,989
68,141,0.0737154099624604,990
61,96,0.2958615063689649,991
57,120,0.239974872674793,992
54,101,0.11488164402544498,993
63,97,0.9064183395821601,994
59,96,0.20207813498564065,995
66,139,0.9608922742772847,996
70,123,0.7342820183839649,997
63,119,0.2922893112991005,998
52,84,0.6040052846074104,999
59,95,0.41811273130588233,1000
62,96,0.6081181345507503,1001
51,104,0.10759362671524286,1002
69,108,0.4229713415261358,1003
59,110,0.24134927615523338,1004
57,101,0.7601458462886512,1005
47,123,0.46665640571154654,1006
54,94,0.944121221313253,1007
59,126,0.8296131824608892,1008
71,119,0.4508906127884984,1009
70,118,0.5739476268645376,1010
48,101,0.3723393266554922,1011
57,95,0.6451725789811462,1012
46,104,0.13210092764347792,1013
55,96,0.17516591376625001,1014
88,129,0.585797700798139,1015
44,98,0.5362319620326161,1016
47,102,0.12678493442945182,1017
58,107,0.760911837220192,1018
60,105,0.1938732301350683,1019
63,116,0.8657964635640383,1020
53,121,0.28835902200080454,1021
58,128,0.8944774509873241,1022
61,113,0.49558359384536743,1023
49,102,0.9083195966668427,1024
68,116,0.32938709924928844,1025
54,127,0.7487269153352827,1026
65,117,0.2917087615933269,1027
43,89,0.7685545096173882,1028
53,104,0.13298758142627776,1029
89,152,0.3439063022378832,1030
49,110,0.6820058960001916,1031
67,121,0.10677674505859613,1032
55,91,0.1276705686468631,1033
50,86,0.6211522496305406,1034
60,101,0.16319899214431643,1035
58,92,0.06712204846553504,1036
61,100,0.4834290058352053,1037
57,114,0.9417896931990981,1038
68,115,0.09332179091870785,1039
67,108,0.3075258007738739,1040
56,95,0.552584211807698,1041
48,112,0.8882429944351315,1042
64,119,0.18313035438768566,1043
52,106,0.12661427957937121,1044
52,100,0.9510252145119011,1045
52,111,0.6440582100767642,1046
56,125,0.5573009040672332,1047
57,109,0.523351518670097,1048
52,125,0.3466629406902939,1049
55,132,0.9516596083994955,1050
49,93,0.47800334310159087,1051
66,142,0.9666379725094885,1052
57,123,0.5840489265974611,1053
56,88,0.7384059536270797,1054
70,132,0.0032608697656542063,1055
54,103,0.8109958374407142,1056
59,135,0.9481375031173229,1057
58,102,0.06807548622600734,1058
51,84,0.3828855480533093,1059
49,87,0.4588686740025878,1060
58,126,0.9155307104811072,1061
60,108,0.18197746062651277,1062
54,95,0.815045207971707,1063
60,115,0.9772842009551823,1064
61,132,0.9605350140482187,1065
41,84,0.728042570175603,1066
57,94,0.12047188053838909,1067
58,96,0.04024956934154034,1068
50,96,0.8671897908207029,1069
48,99,0.5129130415152758,1070
48,85,0.6317421379499137,1071
58,132,0.7154961880296469,1072
60,113,0.6080192609224468,1073
61,111,0.7545037600211799,1074
40,109,0.20239823358133435,1075
54,117,0.745528451865539,1076
49,85,0.7888922477141023,1077
54,92,0.3370815236121416,1078
55,114,0.5685472576878965,1079
61,122,0.48765325522981584,1080
58,120,0.35409334930591285,1081
58,95,0.7139917330350727,1082
56,88,0.47232642443850636,1083
66,105,0.4105378093663603,1084
67,120,0.09556053183041513,1085
45,100,0.25144450971856713,1086
61,96,0.5523259718902409,1087
57,123,0.7058959193527699,1088
60,131,0.7195152554195374,1089
44,77,0.7072184907738119,1090
56,130,0.36870260327123106,1091
48,89,0.1512520108371973,1092
58,112,0.9251866422127932,1093
49,102,0.6106782283168286,1094
70,107,0.4934674920514226,1095
59,94,0.11473053297959268,1096
50,110,0.24860131577588618,1097
67,105,0.9704249789938331,1098
54,91,0.9766013401094824,1099
54,130,0.042591981356963515,1100
57,93,0.11983343656174839,1101
57,94,0.4138073700014502,1102
65,117,0.5496591029223055,1103
47,106,0.858764709206298,1104
54,114,0.5755756455473602,1105
53,89,0.9073721524327993,1106
51,99,0.321486703120172,1107
88,160,0.24163798335939646,1108
53,102,0.20485369162634015,1109
53,117,0.1908952398225665,1110
49,93,0.370300316484645,1111
64,107,0.4616098692640662,1112
57,131,0.527296835090965,1113
63,123,0.8385611637495458,1114
46,79,0.9209832160267979,1115
55,87,0.40230135596357286,1116
70,123,0.7670020190998912,1117
45,120,0.03899688180536032,1118
48,89,0.8052080485504121,1119
52,88,0.5888075432740152,1120
79,111,0.8213236900046468,1121
53,88,0.49673383380286396,1122
63,122,0.8756617770995945,1123
52,114,0.16803841688670218,1124
56,130,0.6498751377221197,1125
54,102,0.4280163433868438,1126
63,113,0.12097440590150654,1127
43,74,0.24081482598558068,1128
48,113,0.5035968064330518,1129
64,131,0.017396419076249003,1130
60,106,0.6001880564726889,1131
52,97,0.25377479870803654,1132
46,92,0.6111300543416291,1133
46,90,0.8948181639425457,1134
66,102,0.7673079785890877,1135
57,96,0.6105359171051532,1136
50,119,0.5401891733054072,1137
63,129,0.19462423562072217,1138
56,124,0.979548477102071,1139
53,129,0.23841875209473073,1140
61,100,0.3173145209439099,1141
55,116,0.830775446491316,1142
56,130,0.6033387549687177,1143
71,105,0.578733237227425,1144
64,118,0.15707802143879235,1145
54,110,0.2861243113875389,1146
54,101,0.047875190852209926,1147
57,92,0.37277345824986696,1148
53,111,0.230107004288584,1149
65,140,0.6513664077501744,1150
46,85,0.28466019313782454,1151
57,97,0.5311346696689725,1152
47,101,0.9069618061184883,1153
68,121,0.48104925197549164,1154
55,109,0.46314525068737566,1155
56,93,0.200980564346537,1156
64,101,0.7501197627279907,1157
58,97,0.07220457284711301,1158
64,121,0.8968629885930568,1159
56,88,0.23725188453681767,1160
51,92,0.32984101260080934,1161
62,101,0.9854421380441636,1162
67,100,0.9505563555285335,1163
58,114,0.2788443574681878,1164
56,101,0.885723713086918,1165
54,93,0.7724449061788619,1166
38,92,0.9872637402731925,1167
60,117,0.6479972396045923,1168
51,103,0.016054038191214204,1169
48,121,0.9880466181784868,1170
35,75,0.24033581092953682,1171
57,121,0.9376103112008423,1172
55,100,0.9115339715499431,1173
63,113,0.25528716249391437,1174
49,115,0.6381930210627615,1175
75,137,0.6444689363706857,1176
55,116,0.26464200974442065,1177
56,115,0.8746996414847672,1178
60,95,0.8102845246903598,1179
67,100,0.9713807608932257,1180
81,128,0.178428472019732,1181
63,103,0.6218211993109435,1182
64,125,0.28423656057566404,1183
56,119,0.4035757128149271,1184
59,91,0.5173098922241479,1185
51,95,0.6643321530427784,1186
56,108,0.695628943387419,1187
56,98,0.9762948267161846,1188
53,91,0.995969005394727,1189
53,101,0.41884083673357964,1190
51,102,0.4066535651218146,1191
52,89,0.04739434574730694,1192
48,84,0.477208198281005,1193
51,112,0.36646292032673955,1194
69,121,0.7518377639353275,1195
59,125,0.08904225309379399,1196
55,129,0.5351932761259377,1197
67,119,0.7850665769074112,1198
53,122,0.2106210570782423,1199
54,114,0.2267325355205685,1200
52,95,0.9746841080486774,1201
59,127,0.26017986331135035,1202
61,96,0.7248930928763002,1203
63,129,0.5632534227333963,1204
64,107,0.48794124694541097,1205
79,120,0.04176051076501608,1206
59,96,0.834059193963185,1207
52,118,0.3315398779232055,1208
56,95,0.12463654018938541,1209
59,109,0.7167681467253715,1210
63,94,0.6455732674803585,1211
50,84,0.9199028671719134,1212
96,148,0.06248205294832587,1213
55,88,0.32932407851330936,1214
57,126,0.6705973106436431,1215
50,87,0.3254034074489027,1216
56,109,0.16782681946642697,1217
61,120,0.6009896809700876,1218
55,128,0.7987211577128619,1219
46,119,0.9559905647765845,1220
73,122,0.8578605693764985,1221
53,106,0.4635791059117764,1222
54,108,0.9402981861494482,1223
50,96,0.8806610263418406,1224
57,109,0.13231152924709022,1225
47,78,0.41961187799461186,1226
49,88,0.5593203059397638,1227
57,94,0.720604921458289,1228
63,97,0.45873085130006075,1229
58,109,0.4428017751779407,1230
51,118,0.4869794868864119,1231
61,94,0.6595320843625814,1232
68,106,0.9136984578799456,1233
54,97,0.796686690300703,1234
78,115,0.19377420004457235,1235
75,117,0.4653412466868758,1236
69,141,0.09324036864563823,1237
56,105,0.5928492124658078,1238
77,113,0.7020709395874292,1239
61,132,0.6595871578902006,1240
56,110,0.6382446417119354,1241
52,125,0.09760766313411295,1242
57,111,0.621694466099143,1243
58,100,0.1343691609799862,1244
50,122,0.329861311474815,1245
57,130,0.2670244835317135,1246
56,94,0.6624048068188131,1247
57,115,0.7031394706573337,1248
63,113,0.11933568678796291,1249
56,130,0.6453267000615597,1250
58,99,0.5466034945566207,1251
54,108,0.8337344168685377,1252
60,94,0.24914599652402103,1253
58,107,0.6487925481051207,1254
92,128,0.4026425888296217,1255
61,120,0.5316465520299971,1256
72,109,0.18848654930479825,1257
49,86,0.777205724036321,1258
57,94,0.5365435259882361,1259
69,128,0.8337543844245374,1260
66,111,0.5380730212200433,1261
55,114,0.8326516496017575,1262
57,103,0.3152658506296575,1263
58,96,0.7078651967458427,1264
77,124,0.10247116326354444,1265
52,106,0.022990691242739558,1266
66,106,0.8486818284727633,1267
77,120,0.2386923951562494,1268
52,109,0.625829903408885,1269
47,100,0.582231491105631,1270
60,128,0.06525601586326957,1271
59,128,0.7426900640130043,1272
57,91,0.7128701836336404,1273
55,122,0.9512590796221048,1274
58,109,0.05340119148604572,1275
68,143,0.9156927990261465,1276
57,103,0.7563038908410817,1277
57,101,0.8578001521527767,1278
60,108,0.5716690546832979,1279
50,104,0.571569318883121,1280
68,113,0.7461685363668948,1281
64,95,0.5718723235186189,1282
61,128,0.27772530331276357,1283
68,113,0.16936952993273735,1284
47,79,0.18499490711838007,1285
59,105,0.1859708286356181,1286
55,100,0.7045745935756713,1287
57,103,0.07878642110154033,1288
62,121,0.388258773367852,1289
50,93,0.5879166072700173,1290
67,110,0.8723902048077434,1291
63,121,0.9586451260838658,1292
64,109,0.5008891085162759,1293
72,112,0.5867092842236161,1294
57,94,0.16697268025018275,1295
65,96,0.8779905934352428,1296
52,92,0.06192264473065734,1297
57,132,0.4964190742466599,1298
70,120,0.8567031002603471,1299
57,121,0.12939778296276927,1300
65,104,0.6250390547793359,1301
54,104,0.5768633256666362,1302
51,87,0.5806699513923377,1303
63,131,0.2749131403397769,1304
46,79,0.17071799584664404,1305
64,133,0.63712387974374,1306
45,101,0.19157580099999905,1307
85,146,0.2806906441692263,1308
60,115,0.36795464740134776,1309
52,90,0.4425304466858506,1310
66,98,0.24452184606343508,1311
73,110,0.021707728737965226,1312
75,121,0.5166942477226257,1313
58,90,0.5343886064365506,1314
62,95,0.8036947590298951,1315
52,121,0.13770720572210848,1316
68,120,0.7204847163520753,1317
53,91,0.4056688277050853,1318
52,109,0.27005516085773706,1319
50,116,0.6910990462638438,1320
59,96,0.5783948958851397,1321
59,94,0.9866002250928432,1322
55,120,0.9582406578119844,1323
64,107,0.9058955018408597,1324
49,98,0.7382528737653047,1325
58,116,0.15191658376716077,1326
54,109,0.13808790873736143,1327
48,90,0.4116952137555927,1328
54,124,0.28658029343932867,1329
47,107,0.12640386843122542,1330
52,94,0.4698195771779865,1331
68,129,0.03391121979802847,1332
57,101,0.14576993347145617,1333
61,122,0.9012604388408363,1334
50,111,0.809674930293113,1335
60,114,0.5144871796946973,1336
50,114,0.3111662152223289,1337
63,133,0.8159661053214222,1338
62,116,0.781325556570664,1339
52,112,0.6333747387398034,1340
56,105,0.6644594063982368,1341
58,121,0.9937909247819334,1342
68,114,0.3046150754671544,1343
68,101,0.20653896988369524,1344
61,134,0.8473657816648483,1345
49,82,0.5093756522983313,1346
60,131,0.9905205122195184,1347
51,118,0.9405213333666325,1348
56,92,0.13877415820024908,1349
56,107,0.23376305284909904,1350
55,106,0.6656209942884743,1351
69,113,0.4603554904460907,1352
65,116,0.29460519668646157,1353
61,133,0.5040146387182176,1354
69,117,0.7129215402528644,1355
60,125,0.2854067392181605,1356
48,92,0.2213647374883294,1357
58,118,0.4414687426760793,1358
44,101,0.7801741012372077,1359
68,130,0.321144871879369,1360
57,115,0.6824014817830175,1361
56,127,0.2257143296301365,1362
54,90,0.8049979114439338,1363
47,117,0.3280961704440415,1364
61,123,0.4941769659053534,1365
42,114,0.12218557763844728,1366
56,110,0.2988296030089259,1367
46,80,0.8983420815784484,1368
64,118,0.9478270984254777,1369
55,115,0.7358606983907521,1370
56,101,0.8535024176817387,1371
76,138,0.8527293947990984,1372
61,112,0.2504948158748448,1373
40,95,0.2468714362476021,1374
59,92,0.03428711323067546,1375
65,97,0.972205443540588,1376
45,103,0.859479546546936,1377
47,101,0.4089343857485801,1378
62,126,0.6892467204015702,1379
61,100,0.7821012947242707,1380
48,96,0.8363736630417407,1381
65,102,0.5700338645838201,1382
59,111,0.7277067655231804,1383
70,144,0.8337260240223259,1384
59,115,0.3214244975242764,1385
50,106,0.33834822778590024,1386
57,98,0.7118063257075846,1387
52,128,0.6440177117474377,1388
75,112,0.2994286783505231,1389
53,92,0.13229376543313265,1390
59,94,0.8231917903758585,1391
42,99,0.6792109445668757,1392
51,91,0.8383277661632746,1393
58,119,0.39266161317937076,1394
54,106,0.803278015460819,1395
45,108,0.36935592629015446,1396
58,109,0.7140485395211726,1397
47,86,0.8118510723579675,1398
62,124,0.23932470893487334,1399
66,128,0.7193195391446352,1400
46,95,0.3423227588646114,1401
63,102,0.6177248295862228,1402
52,103,0.6080587476026267,1403
64,106,0.521699114702642,1404
40,85,0.3940071223769337,1405
51,89,0.40397115075029433,1406
71,109,0.9704292167443782,1407
66,118,0.3741171939764172,1408
65,118,0.5665193954482675,1409
56,101,0.10787779465317726,1410
48,104,0.9248675256967545,1411
54,87,0.23057305254042149,1412
53,126,0.06278676935471594,1413
77,135,0.3443208464886993,1414
52,124,0.39805941097438335,1415
48,88,0.46796472393907607,1416
89,127,0.10739673348143697,1417
45,94,0.4288225597701967,1418
61,114,0.7092467430047691,1419
60,116,0.7325913223903626,1420
65,103,0.615161795867607,1421
56,108,0.10852247569710016,1422
64,133,0.4566590329632163,1423
58,100,0.5690439452882856,1424
54,114,0.10008841403760016,1425
54,94,0.1559097389690578,1426
49,109,0.560741915134713,1427
71,118,0.3337304925080389,1428
65,102,0.3337811743840575,1429
73,131,0.4141613310202956,1430
62,115,0.9961196715012193,1431
65,108,0.005881190998479724,1432
64,112,0.19130733609199524,1433
56,112,0.11526864161714911,1434
57,122,0.5874141934327781,1435
57,111,0.6095402871724218,1436
60,103,0.4162514270283282,1437
57,133,0.9975427491590381,1438
63,116,0.23328225105069578,1439
56,107,0.4150460946839303,1440
60,102,0.6786911182571203,1441
79,126,0.1874167372006923,1442
67,102,0.8525529988110065,1443
38,101,0.548289512982592,1444
70,114,0.020476185716688633,1445
57,123,0.8306701004039496,1446
63,104,0.23351618321612477,1447
59,102,0.20293186302296817,1448
61,124,0.1306117980275303,1449
48,92,0.6849869773723185,1450
79,120,0.5556092683691531,1451
57,89,0.012950885575264692,1452
47,90,0.10811739880591631,1453
41,86,0.07250261679291725,1454
68,103,0.7958931110333651,1455
54,86,0.9938703249208629,1456
60,91,0.6895277185831219,1457
51,104,0.7952844477258623,1458
54,99,0.8793470878154039,1459
45,120,0.07575779408216476,1460
50,123,0.6880953207146376,1461
63,97,0.48907307512126863,1462
60,107,0.40483536501415074,1463
57,116,0.19867515307851136,1464
59,93,0.03469520527869463,1465
63,108,0.6096546272747219,1466
54,110,0.6346887100953609,1467
82,120,0.8906735968776047,1468
63,138,0.9425978062208742,1469
61,134,0.25328967277891934,1470
55,88,0.5462948968634009,1471
63,138,0.6965242796577513,1472
58,133,0.6288176579400897,1473
52,110,0.7747002362739295,1474
52,85,0.9403541893698275,1475
50,82,0.6197619589511305,1476
52,98,0.12245039385743439,1477
50,85,0.26605122606270015,1478
60,101,0.3273341965395957,1479
65,137,0.7822381681762636,1480
57,123,0.30941827804781497,1481
57,121,0.18557060649618506,1482
66,107,0.723996774526313,1483
70,116,0.8926132831256837,1484
59,110,0.1712397071532905,1485
63,108,0.4159746812656522,1486
54,107,0.9945404608733952,1487
49,111,0.5860447331797332,1488
48,100,0.09041259880177677,1489
60,98,0.6753208076115698,1490
65,120,0.2774300198070705,1491
56,87,0.77215884369798,1492
43,84,0.6590822834987193,1493
54,89,0.04942236561328173,1494
49,89,0.7658314153086394,1495
54,105,0.3951157776173204,1496
66,103,0.9883530801162124,1497
61,104,0.5656575888860971,1498
57,92,0.8667588410899043,1499
61,121,0.1959467453416437,1500
44,86,0.054119487293064594,1501
57,134,0.10266460105776787,1502
59,110,0.408316342625767,1503
61,103,0.7038619036320597,1504
51,124,0.9960989260580391,1505
48,92,0.29862745199352503,1506
72,120,0.22839896939694881,1507
51,100,0.8481326859910041,1508
64,108,0.7918565520085394,1509
61,120,0.7646244936622679,1510
66,100,0.4698514055926353,1511
50,95,0.43550785281695426,1512
85,154,0.7305250980425626,1513
47,115,0.8934862180612981,1514
54,99,0.38649060507304966,1515
48,123,0.8986440654844046,1516
53,95,0.5131186137441546,1517
56,124,0.2942835306748748,1518
60,95,0.11171732400543988,1519
73,108,0.3738748198375106,1520
62,96,0.6739476257935166,1521
73,117,0.513530948664993,1522
60,131,0.6022768111433834,1523
68,102,0.4370329058729112,1524
55,94,0.3826056467369199,1525
51,97,0.8321763598360121,1526
60,126,0.6033834023401141,1527
55,88,0.7139316815882921,1528
47,109,0.3085148127283901,1529
46,119,0.29077957989647985,1530
52,110,0.492703641531989,1531
64,100,0.07367272023111582,1532
53,100,0.89799260860309,1533
76,122,0.8849359513260424,1534
63,128,0.42114576208405197,1535
25,74,0.2760483562014997,1536
63,96,0.8207685614470392,1537
55,131,0.3006126186810434,1538
43,77,0.8007802153006196,1539
54,92,0.7217036313377321,1540
54,111,0.4238132138270885,1541
56,129,0.6859355156775564,1542
56,113,0.1791326713282615,1543
66,109,0.2559210278559476,1544
53,97,0.9013006647583097,1545
56,114,0.11909413826651871,1546
54,88,0.22139726113528013,1547
68,122,0.46164892707020044,1548
60,96,0.5695149782113731,1549
58,100,0.2118365024216473,1550
64,105,0.42188275745138526,1551
62,138,0.11364279850386083,1552
62,130,0.07899266551248729,1553
57,103,0.5284533877857029,1554
56,123,0.43465829361230135,1555
56,128,0.8306134955491871,1556
73,111,0.32520200521685183,1557
68,119,0.8477809350006282,1558
45,91,0.9736330250743777,1559
60,93,0.783570185303688,1560
57,118,0.642082818550989,1561
62,99,0.7165083582513034,1562
50,81,0.8218394389841706,1563
50,105,0.6594938219059259,1564
57,91,0.40598590509034693,1565
55,110,0.36941984319128096,1566
44,77,0.9836181369610131,1567
53,127,0.9727852379437536,1568
61,136,0.05853766994550824,1569
52,108,0.47829580353572965,1570
52,85,0.07818899699486792,1571
59,99,0.2925609406083822,1572
58,116,0.35380239854566753,1573
59,91,0.5106242101173848,1574
79,129,0.2605126965790987,1575
45,97,0.05654807644896209,1576
56,100,0.9881265463773161,1577
58,106,0.5672952935565263,1578
23,56,0.49074818240478635,1579
68,134,0.08384085982106626,1580
50,90,0.7065168072003871,1581
55,115,0.7612405908294022,1582
49,91,0.8068269498180598,1583
61,116,0.9948367930483073,1584
70,118,0.005025155376642942,1585
39,100,0.38193196104839444,1586
60,106,0.35572827607393265,1587
65,102,0.40190389752388,1588
65,111,0.4405745002441108,1589
55,120,0.9369611658621579,1590
51,95,0.19698608363978565,1591
54,120,0.3510264998767525,1592
70,115,0.19348867377266288,1593
57,122,0.6753092701546848,1594
61,95,0.4053355425130576,1595
60,102,0.11895288829691708,1596
73,131,0.6712095262482762,1597
48,110,0.8638600471895188,1598
48,104,0.0661452068015933,1599
59,135,0.0756221495103091,1600
54,87,0.19699642760679126,1601
62,127,0.3189166111405939,1602
65,119,0.2922178115695715,1603
48,96,0.9400333224330097,1604
63,117,0.35317945596762,1605
61,97,0.4830403649248183,1606
66,121,0.38545637275092304,1607
57,115,0.5653215839993209,1608
60,105,0.660478942329064,1609
53,92,0.7045381111092865,1610
50,115,0.39691174193285406,1611
53,109,0.9376893031876534,1612
59,121,0.4659891012124717,1613
59,133,0.7731656755786389,1614
50,98,0.8154959999956191,1615
56,126,0.35535654285922647,1616
57,133,0.9202469689771533,1617
69,139,0.8737066858448088,1618
45,111,0.9717034162022173,1619
74,111,0.1832839499693364,1620
49,90,0.4920070040971041,1621
45,92,0.5051898038946092,1622
57,97,0.6351504642516375,1623
51,101,0.2903494613710791,1624
84,156,0.995140953687951,1625
68,124,0.11588565306738019,1626
68,106,0.7389588360674679,1627
66,104,0.5816080484073609,1628
46,97,0.7152323082555085,1629
68,100,0.2866240672301501,1630
52,100,0.5991838136687875,1631
35,87,0.7036140898708254,1632
48,93,0.9695610490161926,1633
66,121,0.39094741991721094,1634
50,118,0.3961785521823913,1635
58,94,0.19829585612751544,1636
54,113,0.5058838080149144,1637
49,109,0.08586343890056014,1638
42,90,0.3972368757240474,1639
64,109,0.4522470305673778,1640
64,131,0.25062665436416864,1641
63,95,0.38209948292933404,1642
55,108,0.8619602920953184,1643
71,114,0.7034915732219815,1644
76,129,0.6765519338659942,1645
59,100,0.7977507857140154,1646
66,114,0.03611509106121957,1647
78,139,0.13685325090773404,1648
50,102,0.8127058499958366,1649
77,127,0.4773847998585552,1650
57,113,0.6486986924428493,1651
53,95,0.16568805207498372,1652
46,84,0.555583582026884,1653
46,77,0.2226627969648689,1654
77,132,0.7125908392481506,1655
55,90,0.8313320565503091,1656
52,92,0.06966242054477334,1657
52,85,0.25593427824787796,1658
63,121,0.5125690286513418,1659
62,115,0.6164956314023584,1660
55,117,0.44481149804778397,1661
50,108,0.5864751222543418,1662
79,117,0.91823464329354465,1663
59,132,0.7532048048451543,1664
60,100,0.5012830961495638,1665
58,117,0.2896930144634098,1666
50,113,0.3861390403471887,1667
60,108,0.8826717417687178,1668
66,112,0.5626847536768764,1669
58,97,0.2199034010991454,1670
55,87,0.7420266547705978,1671
60,126,0.08831552369520068,1672
61,93,0.2588628730736673,1673
60,102,0.5539420901332051,1674
58,134,0.08008064678870142,1675
50,98,0.10489863040857017,1676
52,94,0.11276591871865094,1677
64,111,0.1480763095896691,1678
59,118,0.25281410943716764,1679
49,83,0.24269883730448782,1680
61,117,0.5105375000275671,1681
66,134,0.28438845137134194,1682
60,94,0.4872161694802344,1683
55,111,0.5607579222414643,1684
60,102,0.9594739500898868,1685
54,86,0.39364347839728,1686
51,88,0.3781042767222971,1687
52,111,0.8199757877737284,1688
58,96,0.6387514949310571,1689
52,93,0.6018021136987954,1690
60,112,0.42210491676814854,1691
49,89,0.36927106068469584,1692
67,123,0.9090369432233274,1693
53,99,0.6585391904227436,1694
34,66,0.3685304329264909,1695
50,116,0.3193101738579571,1696
45,104,0.7508697127923369,1697
63,106,0.1755854757502675,1698
53,101,0.5981428406666964,1699
74,145,0.7833838660735637,1700
60,99,0.38088383013382554,1701
60,114,0.34332243516109884,1702
61,115,0.5296363611705601,1703
59,114,0.36285045999102294,1704
44,89,0.7867872056085616,1705
55,117,0.41862562857568264,1706
56,93,0.7468389272689819,1707
57,122,0.9173753510694951,1708
50,106,0.3052650934550911,1709
54,91,0.9772479941602796,1710
69,109,0.38467590929940343,1711
52,84,0.5732378489337862,1712
54,86,0.8368925964459777,1713
59,126,0.5051353143062443,1714
66,128,0.15087527013383806,1715
61,114,0.8567586180288345,1716
57,89,0.18450766778551042,1717
55,122,0.5843222984112799,1718
54,108,0.031658607767894864,1719
47,99,0.8512343019247055,1720
56,99,0.15790806617587805,1721
62,118,0.6685101541224867,1722
43,105,0.16624277224764228,1723
59,126,0.5504450951702893,1724
47,83,0.3800180424004793,1725
63,128,0.5094718947075307,1726
63,122,0.5204801210202277,1727
52,87,0.7745454711839557,1728
81,151,0.4031504192389548,1729
73,116,0.8897750261239707,1730
57,114,0.34402449801564217,1731
73,133,0.5794297673273832,1732
48,87,0.06963429623283446,1733
54,124,0.7438205310609192,1734
67,114,0.6521249292418361,1735
44,88,0.36903375294059515,1736
73,134,0.9426666365470737,1737
63,121,0.022381047951057553,1738
62,138,0.10004288703203201,1739
50,107,0.028551595751196146,1740
63,117,0.6571315000765026,1741
57,109,0.4085974784102291,1742
58,112,0.24010816076770425,1743
57,99,0.8300225965213031,1744
48,119,0.2847400000318885,1745
47,86,0.9189013470895588,1746
52,88,0.4396641894709319,1747
91,166,0.15684501826763153,1748
39,71,0.3166441675275564,1749
60,106,0.9554316403809935,1750
65,109,0.9315485954284668,1751
69,101,0.23096835939213634,1752
56,96,0.2066267158370465,1753
54,95,0.12647031270898879,1754
67,111,0.30907566426321864,1755
49,126,0.12086292076855898,1756
60,91,0.5143154859542847,1757
56,106,0.5143562024459243,1758
50,84,0.982474148273468,1759
61,138,0.046903280075639486,1760
49,125,0.39734582765959203,1761
46,118,0.3903819180559367,1762
66,110,0.8420889645349234,1763
49,110,0.9809742700308561,1764
58,106,0.3976930386852473,1765
57,109,0.7571989852003753,1766
67,138,0.8480389432515949,1767
46,119,0.8273691416252404,1768
65,133,0.28650360577739775,1769
49,102,0.4260691113304347,1770
44,103,0.8628280914854258,1771
50,86,0.05194821651093662,1772
73,129,0.05883178906515241,1773
64,120,0.13764192652888596,1774
56,108,0.6825366662815213,1775
64,100,0.6335269142873585,1776
61,121,0.8105996910016984,1777
55,111,0.9333209809847176,1778
81,115,0.3684709412045777,1779
59,99,0.24656141712330282,1780
56,122,0.3682984409388155,1781
35,80,0.1833474652376026,1782
49,89,0.42811908200383186,1783
54,96,0.9106037106830627,1784
54,126,0.9429154994431883,1785
61,119,0.8709765509702265,1786
65,126,0.6682368528563529,1787
59,92,0.14207737031392753,1788
58,121,0.21296276128850877,1789
51,107,0.562369134509936,1790
66,123,0.293163871858269,1791
48,102,0.7233902094885707,1792
55,127,0.9256456647999585,1793
56,114,0.5121607535984367,1794
53,98,0.6656662982422858,1795
64,141,0.9476540670730174,1796
59,116,0.8706238071899861,1797
70,109,0.26526282425038517,1798
68,104,0.08134709415026009,1799
50,82,0.8673675542231649,1800
55,105,0.5207232539542019,1801
63,131,0.12336475099436939,1802
43,90,0.7474968866445124,1803
59,94,0.2616827927995473,1804
59,101,0.053041481180116534,1805
50,124,0.263419329887256,1806
53,125,0.1305599152110517,1807
45,80,0.3148454218171537,1808
55,128,0.5141674287151545,1809
56,89,0.6320670144632459,1810
43,80,0.5900729612912983,1811
57,107,0.39815895073115826,1812
52,96,0.6413207666482776,1813
59,133,0.8524903189390898,1814
61,127,0.38832102343440056,1815
47,82,0.8192276125773787,1816
68,115,0.5368312303908169,1817
55,100,0.5046464807819575,1818
54,99,0.032386577455326915,1819
59,91,0.6963038304820657,1820
75,135,0.13860187004320323,1821
55,117,0.7042879520449787,1822
62,129,0.2875994676724076,1823
59,135,0.06090920907445252,1824
52,94,0.3697517088148743,1825
59,95,0.3064917656593025,1826
60,133,0.5161043626721948,1827
52,120,0.7368064632173628,1828
52,113,0.2985736867412925,1829
57,117,0.20795772690325975,1830
64,106,0.4852226497605443,1831
45,81,0.05658484250307083,1832
48,94,0.02691618842072785,1833
60,117,0.17098903539590538,1834
57,122,0.06867830315604806,1835
50,83,0.7823210640344769,1836
53,119,0.9424448043573648,1837
53,103,0.04005886288359761,1838
57,89,0.9490790395066142,1839
53,101,0.2055415518116206,1840
74,109,0.3101444400381297,1841
65,109,0.27455056412145495,1842
66,98,0.6312229125760496,1843
82,130,0.26278699235990644,1844
60,106,0.03902923665009439,1845
44,85,0.34362069773487747,1846
51,89,0.9691607544664294,1847
58,126,0.652420076308772,1848
40,108,0.4324872428551316,1849
54,107,0.9011499835178256,1850
53,124,0.9912155547644943,1851
50,102,0.19344063405878842,1852
64,137,0.4770299750380218,1853
54,90,0.07929280470125377,1854
58,90,0.6428224768023938,1855
44,90,0.9195041635539383,1856
60,110,0.9460870663169771,1857
56,97,0.5342121182475239,1858
50,83,0.13130559492856264,1859
63,108,0.8630920054856688,1860
56,115,0.991138635436073,1861
56,112,0.44838230800814927,1862
55,125,0.7121264815796167,1863
59,91,0.4290672689676285,1864
52,105,0.26093115098774433,1865
62,99,0.9845482970122248,1866
48,94,0.9116105167195201,1867
66,123,0.7251804089173675,1868
49,104,0.17789133707992733,1869
57,127,0.4612895301543176,1870
50,88,0.23383799544535577,1871
46,92,0.8323147732298821,1872
73,119,0.1082225744612515,1873
57,105,0.6273674368858337,1874
74,149,0.7993091938551515,1875
70,130,0.10691509628668427,1876
51,88,0.08082792721688747,1877
54,91,0.37260238733142614,1878
53,123,0.8937187404371798,1879
64,133,0.23470340808853507,1880
57,90,0.6552631857339293,1881
52,89,0.6761191512923688,1882
30,76,0.9691814680118114,1883
68,145,0.4405931932851672,1884
48,92,0.3332495070062578,1885
52,99,0.9285071385093033,1886
39,100,0.03021115157753229,1887
63,102,0.18940422334708273,1888
58,99,0.1427243771031499,1889
59,127,0.6755242794752121,1890
54,123,0.181130547542125,1891
84,127,0.9091846996452659,1892
40,84,0.46678309235721827,1893
59,114,0.15604249597527087,1894
41,74,0.16343095246702433,1895
57,93,0.3083388111554086,1896
60,94,0.4787937765941024,1897
62,98,0.7814222045708448,1898
59,135,0.24949729326181114,1899
72,120,0.8843054461758584,1900
57,108,0.4191324976272881,1901
55,120,0.9282854697667062,1902
69,131,0.20870647812262177,1903
59,120,0.773267780430615,1904
60,136,0.7451143758371472,1905
53,110,0.9418449748773128,1906
59,103,0.3252718436997384,1907
44,93,0.6207491357345134,1908
50,103,0.08286885148845613,1909
49,117,0.3451520081143826,1910
45,109,0.17277740081772208,1911
57,111,0.7805320869665593,1912
47,79,0.8678408404812217,1913
65,122,0.3146136028226465,1914
50,87,0.4713219217956066,1915
58,130,0.1052216428797692,1916
52,124,0.3519507471937686,1917
52,109,0.9637057464569807,1918
68,112,0.1676025225315243,1919
51,87,0.9955090016592294,1920
51,119,0.24316337378695607,1921
49,102,0.28551791002973914,1922
57,91,0.07161628338508308,1923
85,127,0.26297316374257207,1924
49,109,0.2918606302700937,1925
53,100,0.46150968433357775,1926
51,104,0.09522102656774223,1927
41,83,0.9467578276526183,1928
74,150,0.9464794320520014,1929
67,110,0.7440238290000707,1930
60,135,0.4523824274074286,1931
47,107,0.9234840362332761,1932
62,127,0.6088069377001375,1933
50,110,0.937631813576445,1934
57,120,0.3827881335746497,1935
63,117,0.5843936088494956,1936
41,89,0.3015652436297387,1937
52,85,0.4305439880117774,1938
69,130,0.0767565865535289,1939
56,120,0.677095492137596,1940
57,91,0.5364951905794442,1941
52,114,0.4968263271730393,1942
62,94,0.4518000320531428,1943
63,105,0.01694304752163589,1944
53,125,0.7146142076235265,1945
65,128,0.5983594409190118,1946
53,93,0.8051811787299812,1947
61,94,0.7517464223783463,1948
69,105,0.30367531441152096,1949
55,117,0.3158252553548664,1950
58,125,0.2737865191884339,1951
56,87,0.13143948605284095,1952
71,127,0.14864588272757828,1953
50,86,0.48010577727109194,1954
56,127,0.13248887634836137,1955
56,96,0.7897746923845261,1956
43,84,0.29551443574018776,1957
49,112,0.4272554360795766,1958
65,127,0.9581900760531425,1959
55,117,0.8366503594443202,1960
35,85,0.5475634334143251,1961
44,96,0.37274618120864034,1962
56,105,0.09514655685052276,1963
53,87,0.10947414627298713,1964
61,97,0.9644841523841023,1965
64,118,0.9502474265173078,1966
54,93,0.24996251077391207,1967
46,121,0.14276598556898534,1968
56,89,0.9082845321390778,1969
46,94,0.14234538422897458,1970
58,135,0.7527627798262984,1971
57,126,0.2888927336316556,1972
66,99,0.7247674393001944,1973
58,122,0.024727147072553635,1974
64,99,0.29906040825881064,1975
53,127,0.07942616217769682,1976
48,98,0.7296681583393365,1977
61,94,0.637274419888854,1978
47,85,0.3838549100328237,1979
89,135,0.49758621980436146,1980
43,109,0.888192240614444,1981
54,125,0.687014241470024,1982
49,104,0.726936554769054,1983
58,124,0.861858983291313,1984
48,110,0.6465940135531127,1985
50,115,0.5618490418419242,1986
62,109,0.8764331617858261,1987
48,90,0.5283102800603956,1988
69,122,0.27537784981541336,1989
50,117,0.046515441266819835,1990
77,122,0.0650928148534149,1991
60,128,0.08764563803561032,1992
53,123,0.783375577069819,1993
68,109,0.9906565465498716,1994
54,89,0.692702648229897,1995
65,108,0.5045495424419641,1996
52,101,0.021719455486163497,1997
49,101,0.23341514100320637,1998
60,97,0.877187967998907,1999
50,127,0.3659455650486052,2000
47,105,0.15316049964167178,2001
54,116,0.06364237773232162,2002
57,89,0.42318526608869433,2003
53,91,0.07092103105969727,2004
59,106,0.9285953007638454,2005
38,94,0.8898961062077433,2006
49,115,0.8245886713266373,2007
54,112,0.8229261997621506,2008
48,95,0.7690912748221308,2009
65,130,0.623200963716954,2010
62,107,0.8553329792339355,2011
53,120,0.8265138207934797,2012
63,126,0.7826383807696402,2013
49,96,0.12211473169736564,2014
59,128,0.24003570340573788,2015
60,109,0.579290812369436,2016
50,87,0.4074452293571085,2017
57,108,0.6350635818671435,2018
39,72,0.35550982039421797,2019
56,123,0.40988775296136737,2020
48,96,0.023075086530297995,2021
69,129,0.3831736631691456,2022
56,123,0.11135110910981894,2023
52,87,0.2887789278756827,2024
45,89,0.37499046535231173,2025
68,126,0.8562309409026057,2026
51,117,0.9146965686231852,2027
53,88,0.40204271394759417,2028
52,88,0.9020948857069016,2029
67,109,0.8110017953440547,2030
66,104,0.675919744418934,2031
52,85,0.5687943182419986,2032
52,83,0.6640151962637901,2033
66,98,0.6488352275919169,2034
57,130,0.22156777838245034,2035
74,149,0.4924058732576668,2036
56,92,0.297198829241097,2037
56,104,0.9795386262703687,2038
52,88,0.10693024401552975,2039
59,111,0.9614521679468453,2040
61,101,0.8287998212035745,2041
66,109,0.9290087695699185,2042
49,111,0.7324008475989103,2043
55,88,0.054151304299011827,2044
68,110,0.4166540871374309,2045
61,136,0.654307673452422,2046
47,91,0.9382648288737983,2047
49,101,0.846894676797092,2048
67,128,0.32123086554929614,2049
61,128,0.9194368850439787,2050
57,97,0.9027176175732166,2051
56,130,0.1448513378854841,2052
56,118,0.7099641219247133,2053
52,123,0.6334720274899155,2054
66,110,0.43404973996803164,2055
51,83,0.1595987395849079,2056
41,104,0.01585046830587089,2057
48,79,0.9215904250741005,2058
59,94,0.6379393569659442,2059
50,114,0.025475798407569528,2060
67,105,0.42084931395947933,2061
54,89,0.3604578753001988,2062
64,132,0.3973922864533961,2063
64,119,0.8590473770163953,2064
63,138,0.6675401865504682,2065
95,166,0.9566177222877741,2066
58,95,0.21741053787991405,2067
76,122,0.8304648643825203,2068
48,120,0.3822879916988313,2069
58,123,0.5888406590092927,2070
78,154,0.058274769922718406,2071
55,112,0.12378239561803639,2072
71,104,0.22649043751880527,2073
57,96,0.9484456591308117,2074
67,104,0.6201642730738968,2075
44,77,0.873099218821153,2076
80,125,0.7799046321306378,2077
68,115,0.5809104470536113,2078
59,131,0.6780487899668515,2079
59,103,0.15620919759385288,2080
60,109,0.5897923519369215,2081
56,97,0.5369467188138515,2082
43,85,0.8570408155210316,2083
50,117,0.8665644836146384,2084
72,139,0.6604359180200845,2085
51,114,0.941191588761285,2086
51,85,0.8216890550684184,2087
55,112,0.6225487848278135,2088
48,96,0.1604627703782171,2089
66,109,0.9727346345316619,2090
58,112,0.09013148210942745,2091
56,107,0.551997704198584,2092
61,132,0.9724877816624939,2093
54,93,0.6343692126683891,2094
55,102,0.7603922472335398,2095
57,95,0.3773025954142213,2096
49,92,0.20105979382060468,2097
58,132,0.136780560715124,2098
53,101,0.10381157114170492,2099
71,112,0.8120969939045608,2100
71,129,0.6078239816706628,2101
59,91,0.9422383415512741,2102
56,125,0.6375688544940203,2103
58,116,0.6312429048120975,2104
50,112,0.29072176408953965,2105
56,118,0.04398828581906855,2106
56,98,0.03773010242730379,2107
56,112,0.09607200068421662,2108
54,86,0.18485835916362703,2109
61,127,0.4565735552459955,2110
43,92,0.8696744567714632,2111
60,93,0.5254115890711546,2112
37,90,0.5399585743434727,2113
54,96,0.7206436679698527,2114
58,91,0.4542271629907191,2115
61,107,0.7561213856097311,2116
64,109,0.883320301072672,2117
69,119,0.5291199125349522,2118
50,92,0.8092326445039362,2119
47,103,0.7608989344444126,2120
52,120,0.901451822835952,2121
69,116,0.8771980216260999,2122
59,118,0.6124957324936986,2123
53,97,0.6488181888125837,2124
54,117,0.20609412877820432,2125
46,99,0.022569319466128945,2126
60,132,0.12468165485188365,2127
45,88,0.18559289211407304,2128
48,114,0.020070484606549144,2129
62,125,0.35399226751178503,2130
61,93,0.20774548733606935,2131
57,90,0.4593611934687942,2132
52,107,0.40977607294917107,2133
66,119,0.35784584609791636,2134
45,84,0.28373898775316775,2135
75,111,0.5259952386841178,2136
57,112,0.32122726319357753,2137
48,122,0.6718180957250297,2138
70,144,0.5164457610808313,2139
53,124,0.331719012465328,2140
62,103,0.22856920049525797,2141
68,105,0.6470409310422838,2142
51,103,0.45372523181140423,2143
56,131,0.3295599108096212,2144
51,113,0.5934218359179795,2145
60,111,0.8434796268120408,2146
78,131,0.41353993164375424,2147
71,117,0.011526285670697689,2148
66,109,0.42231394560076296,2149
62,116,0.44095973251387477,2150
51,104,0.5020079433452338,2151
38,83,0.4078090297989547,2152
62,101,0.339534399099648,2153
62,131,0.8387069678865373,2154
42,77,0.9327883697114885,2155
53,104,0.9018859551288188,2156
55,89,0.6668945441488177,2157
56,90,0.6729765154886991,2158
42,107,0.6215885940473527,2159
58,133,0.6290059671737254,2160
58,109,0.12007746985182166,2161
52,104,0.18896253919228911,2162
62,101,0.3447042510379106,2163
60,97,0.7827326513361186,2164
54,107,0.8546894688624889,2165
63,101,0.7755992501042783,2166
54,105,0.7032004781067371,2167
49,103,0.7175339113455266,2168
63,136,0.7980684640351683,2169
60,92,0.7754974332638085,2170
62,121,0.04357572481967509,2171
59,91,0.8754514919128269,2172
63,139,0.7090184751432389,2173
58,98,0.8899613416288048,2174
46,105,0.18649872392416,2175
56,98,0.8263359412085265,2176
53,127,0.665340579347685,2177
58,103,0.5455218767747283,2178
55,97,0.6198886923957616,2179
71,111,0.6641602707095444,2180
51,85,0.14201797312125564,2181
65,97,0.9781600383576006,2182
43,75,0.09274727222509682,2183
57,104,0.8622394541744143,2184
55,126,0.4726112950593233,2185
57,99,0.31985921668820083,2186
44,118,0.08366043143905699,2187
45,99,0.02977840485982597,2188
70,123,0.7565636821091175,2189
48,82,0.7485537009779364,2190
59,98,0.7285348551813513,2191
55,95,0.0985821052454412,2192
53,109,0.3014928698539734,2193
51,88,0.06390976533293724,2194
58,117,0.680925021180883,2195
54,100,0.3222747561521828,2196
57,98,0.2566280497703701,2197
63,94,0.3275757229421288,2198
51,86,0.858872915385291,2199
53,115,0.4843439836986363,2200
53,91,0.16482380591332912,2201
68,119,0.10644137300550938,2202
40,99,0.40240949392318726,2203
62,111,0.32781016011722386,2204
56,94,0.2275138448458165,2205
39,74,0.8072168892249465,2206
70,108,0.7503533707931638,2207
61,94,0.3136417695786804,2208
46,81,0.44054084341041744,2209
77,120,0.9578699117992073,2210
52,91,0.6670048306696117,2211
78,136,0.3859674562700093,2212
69,137,0.3156274943612516,2213
61,123,0.20097601227462292,2214
52,97,0.04160057147964835,2215
50,98,0.37747690407559276,2216
78,121,0.8079196489416063,2217
62,115,0.7148705339059234,2218
69,115,0.26278301468119025,2219
57,122,0.39579883636906743,2220
53,110,0.7471791512798518,2221
53,125,0.9874059844296426,2222
51,87,0.9886562894098461,2223
48,80,0.22340596141293645,2224
57,115,0.2455087846610695,2225
62,131,0.9774527314584702,2226
56,108,0.0700118865352124,2227
58,120,0.571752137504518,2228
63,110,0.40512961987406015,2229
46,97,0.9786775326356292,2230
63,114,0.2670392144937068,2231
62,128,0.8086174456402659,2232
45,104,0.018787098117172718,2233
60,129,0.19243658683262765,2234
63,98,0.779466520762071,2235
58,93,0.8373484371695668,2236
58,115,0.04426349140703678,2237
62,99,0.42143326927907765,2238
42,92,0.6053973657544702,2239
32,101,0.7329146824777126,2240
52,104,0.7949602794833481,2241
63,136,0.9019437956158072,2242
57,95,0.8778068125247955,2243
55,90,0.652567214332521,2244
48,97,0.7694777175784111,2245
65,103,0.30101329647004604,2246
54,120,0.33701814129017293,2247
51,100,0.5233254411723465,2248
67,100,0.8685398490633816,2249
58,93,0.2598886906635016,2250
72,110,0.5663962229155004,2251
64,99,0.6960696091409773,2252
39,73,0.17374080209992826,2253
55,86,0.5042034464422613,2254
74,109,0.39001942914910614,2255
50,113,0.021127342246472836,2256
53,92,0.2666422927286476,2257
61,115,0.8898333632387221,2258
65,112,0.7596935010515153,2259
65,122,0.16372008086182177,2260
70,110,0.7889451063238084,2261
51,115,0.16818850068375468,2262
53,107,0.8128400153946131,2263
59,133,0.3824314787052572,2264
61,102,0.20455613895319402,2265
51,85,0.26283392985351384,2266
42,94,0.23419270082376897,2267
47,98,0.3649810622446239,2268
51,90,0.8958256829064339,2269
58,104,0.042941354447975755,2270
50,84,0.016533121233806014,2271
42,88,0.6503928522579372,2272
50,125,0.31823706114664674,2273
57,98,0.8558165398426354,2274
62,128,0.9674912053160369,2275
60,129,0.6000118891242892,2276
44,84,0.34993645874783397,2277
79,116,0.9668612258974463,2278
52,84,0.6688414239324629,2279
80,126,0.08355402993038297,2280
50,106,0.756399932783097,2281
64,120,0.3451578428503126,2282
71,138,0.9310262929648161,2283
52,95,0.48085752478800714,2284
55,120,0.3188512830529362,2285
77,110,0.9925190599169582,2286
52,100,0.29817185108549893,2287
52,102,0.8327056828420609,2288
60,107,0.4625747238751501,2289
53,89,0.6794930810574442,2290
94,133,0.6060350160114467,2291
51,124,0.8627702433150262,2292
71,104,0.119231469463557,2293
64,124,0.17981889168731868,2294
45,88,0.8357725085224956,2295
51,102,0.15321483579464257,2296
61,116,0.07053260435350239,2297
66,107,0.13648206507787108,2298
73,117,0.005437325220555067,2299
59,106,0.032502210000529885,2300
58,97,0.9674815686885267,2301
70,120,0.48433127091266215,2302
41,90,0.6823387462645769,2303
58,114,0.640987855847925,2304
69,142,0.8730109825264663,2305
78,147,0.3924988869111985,2306
61,116,0.36822498054243624,2307
56,114,0.7680111713707447,2308
63,119,0.6572532553691417,2309
49,95,0.22311728517524898,2310
57,95,0.11319013265892863,2311
65,104,0.6535074871499091,2312
59,98,0.5769164438825101,2313
55,94,0.08992400439456105,2314
61,97,0.9639056613668799,2315
47,107,0.4950740411877632,2316
50,82,0.6351322664413601,2317
57,98,0.052409863797947764,2318
47,80,0.48712474619969726,2319
36,68,0.6212316781748086,2320
58,120,0.6054743812419474,2321
59,131,0.8485160258132964,2322
52,97,0.32513637584634125,2323
67,130,0.01892685377970338,2324
55,103,0.8302826748695225,2325
75,110,0.3263441030867398,2326
62,134,0.6634521153755486,2327
65,131,0.06405306281521916,2328
59,124,0.05626155878417194,2329
59,110,0.6041978530120105,2330
55,87,0.9346829801797867,2331
62,97,0.5291148654650897,2332
50,121,0.3804575433023274,2333
61,92,0.6152847076300532,2334
50,92,0.15349857811816037,2335
59,112,0.9968016222119331,2336
57,93,0.33465093234553933,2337
41,80,0.3076894753612578,2338
66,143,0.10795395844615996,2339
67,134,0.14845332223922014,2340
59,90,0.3005649948026985,2341
52,108,0.6923034959472716,2342
46,97,0.8793601971119642,2343
54,92,0.6476075567770749,2344
52,113,0.9427119558677077,2345
65,116,0.2842670842073858,2346
52,88,0.6738424247596413,2347
46,109,0.02792294486425817,2348
49,103,0.26227593538351357,2349
51,86,0.12024759664200246,2350
73,105,0.4974956309888512,2351
57,121,0.4010934582911432,2352
63,118,0.9049302984494716,2353
62,99,0.22759053274057806,2354
71,142,0.4183084820397198,2355
51,114,0.13387767411768436,2356
46,90,0.3893792589660734,2357
48,85,0.3786250601988286,2358
45,90,0.9994926059152931,2359
61,118,0.5004566195420921,2360
56,98,0.5765158338472247,2361
64,119,0.21152159827761352,2362
51,111,0.6745341834612191,2363
64,114,0.006080687511712313,2364
80,141,0.46507874014787376,2365
55,97,0.4041634548921138,2366
61,103,0.8507501743733883,2367
57,99,0.4389210504014045,2368
55,86,0.29717779462225735,2369
53,92,0.7530521643348038,2370
58,129,0.011069672415032983,2371
76,140,0.014187718974426389,2372
72,139,0.17256134888157248,2373
54,93,0.42059731879271567,2374
63,114,0.9518719913903624,2375
54,96,0.7643670116085559,2376
52,92,0.9040709545370191,2377
56,110,0.24811382731422782,2378
63,94,0.02166309393942356,2379
61,99,0.7960911560803652,2380
55,89,0.03765465342439711,2381
71,116,0.0048375544138252735,2382
57,123,0.644676920492202,2383
62,121,0.8076197546906769,2384
54,86,0.07605955167673528,2385
51,85,0.25006990716792643,2386
59,112,0.6549145376775414,2387
61,127,0.3548087486997247,2388
69,132,0.8022784935310483,2389
52,109,0.3850406496785581,2390
50,110,0.6164058740250766,2391
64,108,0.6683322917670012,2392
59,134,0.23776054778136313,2393
51,91,0.8989898217841983,2394
60,100,0.8712789909914136,2395
61,105,0.7556725288741291,2396
42,88,0.258891943609342,2397
42,77,0.7157187932170928,2398
39,97,0.5103842387907207,2399
53,105,0.49890045332722366,2400
57,126,0.3055968633852899,2401
57,122,0.8059220353607088,2402
57,98,0.9711898951791227,2403
54,100,0.74775614682585,2404
56,105,0.6733072688803077,2405
50,110,0.24092298187315464,2406
54,93,0.3291844562627375,2407
50,104,0.45822528726421297,2408
61,113,0.8812610823661089,2409
48,80,0.43620767653919756,2410
67,125,0.3990086242556572,2411
62,111,0.14633093308657408,2412
60,106,0.8483502024319023,2413
49,88,0.5460660096723586,2414
58,114,0.3579134487081319,2415
50,125,0.3868511929176748,2416
60,100,0.7699445576872677,2417
57,93,0.4465242000296712,2418
55,87,0.7771147978492081,2419
49,106,0.4531562034972012,2420
55,88,0.596314916620031,2421
51,82,0.8812029287219048,2422
44,118,0.5357381843496114,2423
72,132,0.1472655872348696,2424
58,128,0.6632804644759744,2425
62,112,0.43276224099099636,2426
52,84,0.9744391907006502,2427
61,124,0.772255866555497,2428
51,115,0.28721261699683964,2429
58,112,0.9885384035296738,2430
45,106,0.7467043036594987,2431
47,82,0.03533487627282739,2432
58,101,0.3540257546119392,2433
66,104,0.2816397969145328,2434
52,90,0.24761379254050553,2435
56,89,0.9178576120175421,2436
51,86,0.43323447089642286,2437
63,123,0.3953583142720163,2438
66,124,0.7374489500652999,2439
45,80,0.12099598674103618,2440
72,103,0.421963396249339,2441
48,111,0.08681380120106041,2442
50,113,0.3310149989556521,2443
67,105,0.480151807423681,2444
58,96,0.7359284162521362,2445
49,106,0.5976769756525755,2446
49,116,0.4400839910376817,2447
56,111,0.5699258937966079,2448
46,119,0.8738410861697048,2449
63,125,0.7348423437215388,2450
54,92,0.49961141566745937,2451
40,85,0.3482547861058265,2452
49,111,0.31039322819560766,2453
95,140,0.07758307876065373,2454
44,95,0.891100202454254,2455
41,94,0.44134327583014965,2456
57,91,0.4747292890679091,2457
79,153,0.7920518883038312,2458
60,103,0.9187779715284705,2459
55,119,0.4350911939982325,2460
63,99,0.8500808775424957,2461
75,109,0.6171209742315114,2462
49,97,0.8732045884244144,2463
45,114,0.5184672246687114,2464
51,121,0.2178656575269997,2465
50,85,0.4875930966809392,2466
63,111,0.16968817729502916,2467
74,110,0.9862063163891435,2468
54,102,0.5407197254244238,2469
59,115,0.8468050204683095,2470
72,127,0.9192146898712963,2471
32,96,0.10034368140622973,2472
59,127,0.3435370805673301,2473
56,94,0.6519769905135036,2474
46,79,0.08884721831418574,2475
63,98,0.378508179448545,2476
61,102,0.3209211288485676,2477
55,100,0.8994676896836609,2478
45,76,0.5292566497810185,2479
53,92,0.5288622356019914,2480
48,111,0.08951512235216796,2481
63,101,0.003374719060957432,2482
69,104,0.28603589511476457,2483
51,94,0.1873722057789564,2484
57,96,0.800563198979944,2485
57,105,0.6707685224246234,2486
57,130,0.47862757183611393,2487
64,120,0.5253551832865924,2488
47,80,0.9895024842116982,2489
77,154,0.05020167399197817,2490
58,96,0.3229876921977848,2491
51,115,0.05687047401443124,2492
57,100,0.2039049870800227,2493
64,96,0.08877084427513182,2494
53,94,0.023979064542800188,2495
53,110,0.35079560661688447,2496
50,94,0.25743472506292164,2497
55,99,0.9316369618754834,2498
48,100,0.24255065899342299,2499
48,102,0.9904439316596836,2500
